adcode,name,longitude,latitude,pinyin_prefix
110000,北京,,b
110100,北京市,,b
110114,昌平区,,c
110105,朝阳区,,c
110115,大兴区,,d
110101,东城区,,d
110111,房山区,,f
110106,丰台区,,f
110108,海淀区,,h
110116,怀柔区,,h
110109,门头沟区,,m
110118,密云区,,m
110117,平谷区,,p
110107,石景山区,,s
110113,顺义区,,s
110112,通州区,,t
110102,西城区,,x
110119,延庆区,,y
340000,安徽省,,a
340800,安庆市,,a
340803,大观区,,d
340822,怀宁县,,h
340882,潜山市,,q
340826,宿松县,,s
340825,太湖县,,t
340881,桐城市,,t
340827,望江县,,w
340811,宜秀区,,y
340802,迎江区,,y
340828,岳西县,,y
340300,蚌埠市,,b
340303,蚌山区,,b
340323,固镇县,,g
340321,怀远县,,h
340311,淮上区,,h
340302,龙子湖区,,l
340322,五河县,,w
340304,禹会区,,y
341600,亳州市,,b
341623,利辛县,,l
341622,蒙城县,,m
341602,谯城区,,q
341621,涡阳县,,g
341700,池州市,,c
341721,东至县,,d
341702,贵池区,,g
341723,青阳县,,q
341722,石台县,,s
341100,滁州市,,c
341125,定远县,,d
341126,凤阳县,,f
341122,来安县,,l
341102,琅琊区,,l
341182,明光市,,m
341103,南谯区,,n
341124,全椒县,,q
341181,天长市,,t
341200,阜阳市,,f
341225,阜南县,,f
341282,界首市,,j
341221,临泉县,,l
341222,太和县,,t
341203,颍东区,,y
341204,颍泉区,,y
341226,颍上县,,y
341202,颍州区,,y
340100,合肥市,,h
340111,包河区,,b
340181,巢湖市,,c
340122,肥东县,,f
340123,肥西县,,f
340124,庐江县,,l
340103,庐阳区,,l
340104,蜀山区,,s
340102,瑶海区,,y
340121,长丰县,,c
340600,淮北市,,h
340602,杜集区,,d
340604,烈山区,,l
340621,濉溪县,,s
340603,相山区,,x
340400,淮南市,,h
340405,八公山区,,b
340402,大通区,,d
340421,凤台县,,f
340406,潘集区,,p
340422,寿县,,s
340403,田家庵区,,t
340404,谢家集区,,x
341000,黄山市,,h
341003,黄山区,,h
341004,徽州区,,h
341024,祁门县,,q
341021,歙县,,s
341002,屯溪区,,t
341022,休宁县,,x
341023,黟县,,y
341500,六安市,,l
341522,霍邱县,,h
341525,霍山县,,h
341502,金安区,,j
341524,金寨县,,j
341523,舒城县,,s
341504,叶集区,,y
341503,裕安区,,y
340500,马鞍山市,,m
340506,博望区,,b
340521,当涂县,,d
340522,含山县,,h
340523,和县,,h
340503,花山区,,h
340504,雨山区,,y
341300,宿州市,,s
341321,砀山县,,d
341323,灵璧县,,l
341324,泗县,,s
341322,萧县,,x
341302,埇桥区,,y
340700,铜陵市,,t
340722,枞阳县,,z
340711,郊区,,j
340705,铜官区,,t
340706,义安区,,y
340200,芜湖市,,w
340222,繁昌县,,f
340202,镜湖区,,j
340207,鸠江区,,j
340223,南陵县,,n
340208,三山区,,s
340281,无为市,,w
340221,芜湖县,,w
340203,弋江区,,y
341800,宣城市,,x
341882,广德市,,g
341824,绩溪县,,j
341823,泾县,,j
341825,旌德县,,j
341821,郎溪县,,l
341881,宁国市,,n
341802,宣州区,,x
500000,重庆,,c
500100,重庆市,,c
500113,巴南区,,b
500109,北碚区,,b
500120,璧山区,,b
500229,城口县,,c
500104,大渡口区,,d
500111,大足区,,d
500231,垫江县,,d
500230,丰都县,,f
500236,奉节县,,f
500102,涪陵区,,f
500117,合川区,,h
500105,江北区,,j
500116,江津区,,j
500107,九龙坡区,,j
500154,开州区,,k
500155,梁平区,,l
500108,南岸区,,n
500119,南川区,,n
500243,彭水苗族土家族自治县,,p
500110,綦江区,,q
500114,黔江区,,q
500153,荣昌区,,r
500106,沙坪坝区,,s
500240,石柱土家族自治县,,s
500151,铜梁区,,t
500152,潼南区,,t
500101,万州区,,w
500237,巫山县,,w
500238,巫溪县,,w
500156,武隆区,,w
500241,秀山土家族苗族自治县,,x
500118,永川区,,y
500242,酉阳土家族苗族自治县,,y
500112,渝北区,,y
500103,渝中区,,y
500235,云阳县,,y
500115,长寿区,,c
500233,忠县,,z
350000,福建省,,f
350100,福州市,,f
350104,仓山区,,c
350181,福清市,,f
350102,鼓楼区,,g
350111,晋安区,,j
350122,连江县,,l
350123,罗源县,,l
350105,马尾区,,m
350121,闽侯县,,m
350124,闽清县,,m
350128,平潭县,,p
350103,台江区,,t
350125,永泰县,,y
350112,长乐区,,c
350800,龙岩市,,l
350825,连城县,,l
350823,上杭县,,s
350824,武平县,,w
350802,新罗区,,x
350803,永定区,,y
350881,漳平市,,z
350821,长汀县,,c
350700,南平市,,n
350723,光泽县,,g
350783,建瓯市,,j
350703,建阳区,,j
350722,浦城县,,p
350781,邵武市,,s
350721,顺昌县,,s
350724,松溪县,,s
350782,武夷山市,,w
350702,延平区,,y
350725,政和县,,z
350900,宁德市,,n
350981,福安市,,f
350982,福鼎市,,f
350922,古田县,,g
350902,蕉城区,,j
350923,屏南县,,p
350924,寿宁县,,s
350921,霞浦县,,x
350926,柘荣县,,z
350925,周宁县,,z
350300,莆田市,,p
350302,城厢区,,c
350303,涵江区,,h
350304,荔城区,,l
350322,仙游县,,x
350305,秀屿区,,x
350500,泉州市,,q
350524,安溪县,,a
350526,德化县,,d
350503,丰泽区,,f
350521,惠安县,,h
350527,金门县,,j
350582,晋江市,,j
350502,鲤城区,,l
350504,洛江区,,l
350583,南安市,,n
350505,泉港区,,q
350581,石狮市,,s
350525,永春县,,y
350400,三明市,,s
350425,大田县,,d
350430,建宁县,,j
350428,将乐县,,j
350402,梅列区,,m
350421,明溪县,,m
350424,宁化县,,n
350423,清流县,,q
350403,三元区,,s
350427,沙县,,s
350429,泰宁县,,t
350481,永安市,,y
350426,尤溪县,,y
350200,厦门市,,x
350205,海沧区,,h
350206,湖里区,,h
350211,集美区,,j
350203,思明区,,s
350212,同安区,,t
350213,翔安区,,x
350600,漳州市,,z
350626,东山县,,d
350629,华安县,,h
350681,龙海市,,l
350603,龙文区,,l
350627,南靖县,,n
350628,平和县,,p
350602,芗城区,,x
350622,云霄县,,y
350623,漳浦县,,z
350625,长泰县,,c
350624,诏安县,,z
620000,甘肃省,,g
620400,白银市,,b
620402,白银区,,b
620422,会宁县,,h
620423,景泰县,,j
620421,靖远县,,j
620403,平川区,,p
621100,定西市,,d
621102,安定区,,a
621124,临洮县,,l
621122,陇西县,,l
621126,岷县,,m
621121,通渭县,,t
621123,渭源县,,w
621125,漳县,,z
623000,甘南藏族自治州,,g
623024,迭部县,,d
623001,合作市,,h
623021,临潭县,,l
623026,碌曲县,,l
623025,玛曲县,,m
623027,夏河县,,x
623023,舟曲县,,z
623022,卓尼县,,z
620200,嘉峪关市,,j
620300,金昌市,,j
620302,金川区,,j
620321,永昌县,,y
620900,酒泉市,,j
620924,阿克塞哈萨克族自治县,,a
620982,敦煌市,,d
620922,瓜州县,,g
620921,金塔县,,j
620923,肃北蒙古族自治县,,s
620902,肃州区,,s
620981,玉门市,,y
620100,兰州市,,l
620105,安宁区,,a
620102,城关区,,c
620122,皋兰县,,g
620111,红古区,,h
620103,七里河区,,q
620104,西固区,,x
620121,永登县,,y
620123,榆中县,,y
622900,临夏回族自治州,,l
622926,东乡族自治县,,d
622924,广河县,,g
622925,和政县,,h
622927,积石山保安族东乡族撒拉族自治县,,j
622922,康乐县,,k
622901,临夏市,,l
622921,临夏县,,l
622923,永靖县,,y
621200,陇南市,,l
621221,成县,,c
621223,宕昌县,,t
621227,徽县,,h
621224,康县,,k
621226,礼县,,l
621228,两当县,,l
621222,文县,,w
621202,武都区,,w
621225,西和县,,x
620800,平凉市,,p
620823,崇信县,,c
620881,华亭市,,h
620821,泾川县,,j
620826,静宁县,,j
620802,崆峒区,,k
620822,灵台县,,l
620825,庄浪县,,z
621000,庆阳市,,q
621024,合水县,,h
621023,华池县,,h
621022,环县,,h
621026,宁县,,n
621021,庆城县,,q
621002,西峰区,,x
621027,镇原县,,z
621025,正宁县,,z
620500,天水市,,t
620523,甘谷县,,g
620503,麦积区,,m
620522,秦安县,,q
620502,秦州区,,q
620521,清水县,,q
620524,武山县,,w
620525,张家川回族自治县,,z
620600,武威市,,w
620622,古浪县,,g
620602,凉州区,,l
620621,民勤县,,m
620623,天祝藏族自治县,,t
620700,张掖市,,z
620702,甘州区,,g
620724,高台县,,g
620723,临泽县,,l
620722,民乐县,,m
620725,山丹县,,s
620721,肃南裕固族自治县,,s
440000,广东省,,g
445100,潮州市,,c
445103,潮安区,,c
445122,饶平县,,r
445102,湘桥区,,x
441900,东莞市,,d
440600,佛山市,,f
440604,禅城区,,c
440608,高明区,,g
440605,南海区,,n
440607,三水区,,s
440606,顺德区,,s
440100,广州市,,g
440111,白云区,,b
440117,从化区,,c
440113,番禺区,,p
440105,海珠区,,h
440114,花都区,,h
440112,黄埔区,,h
440103,荔湾区,,l
440115,南沙区,,n
440106,天河区,,t
440104,越秀区,,y
440118,增城区,,z
441600,河源市,,h
441625,东源县,,d
441624,和平县,,h
441623,连平县,,l
441622,龙川县,,l
441602,源城区,,y
441621,紫金县,,z
441300,惠州市,,h
441322,博罗县,,b
441302,惠城区,,h
441323,惠东县,,h
441303,惠阳区,,h
441324,龙门县,,l
440700,江门市,,j
440785,恩平市,,e
440784,鹤山市,,h
440704,江海区,,j
440783,开平市,,k
440703,蓬江区,,p
440781,台山市,,t
440705,新会区,,x
445200,揭阳市,,j
445224,惠来县,,h
445203,揭东区,,j
445222,揭西县,,j
445281,普宁市,,p
445202,榕城区,,r
440900,茂名市,,m
440904,电白区,,d
440981,高州市,,g
440982,化州市,,h
440902,茂南区,,m
440983,信宜市,,x
441400,梅州市,,m
441422,大埔县,,d
441423,丰顺县,,f
441427,蕉岭县,,j
441402,梅江区,,m
441403,梅县区,,m
441426,平远县,,p
441424,五华县,,w
441481,兴宁市,,x
441800,清远市,,q
441821,佛冈县,,f
441826,连南瑶族自治县,,l
441825,连山壮族瑶族自治县,,l
441882,连州市,,l
441802,清城区,,q
441803,清新区,,q
441823,阳山县,,y
441881,英德市,,y
440500,汕头市,,s
440514,潮南区,,c
440513,潮阳区,,c
440515,澄海区,,c
440512,濠江区,,h
440511,金平区,,j
440507,龙湖区,,l
440523,南澳县,,n
441500,汕尾市,,s
441502,城区,,c
441521,海丰县,,h
441581,陆丰市,,l
441523,陆河县,,l
440200,韶关市,,s
440281,乐昌市,,l
440282,南雄市,,n
440205,曲江区,,q
440224,仁化县,,r
440232,乳源瑶族自治县,,r
440222,始兴县,,s
440229,翁源县,,w
440203,武江区,,w
440233,新丰县,,x
440204,浈江区,,z
440300,深圳市,,s
440306,宝安区,,b
440304,福田区,,f
440311,光明区,,g
440307,龙岗区,,l
440309,龙华区,,l
440303,罗湖区,,l
440305,南山区,,n
440310,坪山区,,p
440308,盐田区,,y
441700,阳江市,,y
441702,江城区,,j
441781,阳春市,,y
441704,阳东区,,y
441721,阳西县,,y
445300,云浮市,,y
445381,罗定市,,l
445321,新兴县,,x
445322,郁南县,,y
445303,云安区,,y
445302,云城区,,y
440800,湛江市,,z
440802,赤坎区,,c
440882,雷州市,,l
440881,廉江市,,l
440811,麻章区,,m
440804,坡头区,,p
440823,遂溪县,,s
440883,吴川市,,w
440803,霞山区,,x
440825,徐闻县,,x
441200,肇庆市,,z
441226,德庆县,,d
441203,鼎湖区,,d
441202,端州区,,d
441225,封开县,,f
441204,高要区,,g
441223,广宁县,,g
441224,怀集县,,h
441284,四会市,,s
442000,中山市,,z
440400,珠海市,,z
440403,斗门区,,d
440404,金湾区,,j
440402,香洲区,,x
450000,广西壮族自治区,,g
451000,百色市,,b
451024,德保县,,d
451081,靖西市,,j
451028,乐业县,,l
451027,凌云县,,l
451031,隆林各族自治县,,l
451026,那坡县,,n
451082,平果市,,p
451022,田东县,,t
451029,田林县,,t
451003,田阳区,,t
451030,西林县,,x
451002,右江区,,y
450500,北海市,,b
450502,海城区,,h
450521,合浦县,,h
450512,铁山港区,,t
450503,银海区,,y
451400,崇左市,,c
451424,大新县,,d
451421,扶绥县,,f
451402,江州区,,j
451423,龙州县,,l
451422,宁明县,,n
451481,凭祥市,,p
451425,天等县,,t
450600,防城港市,,f
450681,东兴市,,d
450603,防城区,,f
450602,港口区,,g
450621,上思县,,s
450800,贵港市,,g
450802,港北区,,g
450803,港南区,,g
450881,桂平市,,g
450821,平南县,,p
450804,覃塘区,,q
450300,桂林市,,g
450303,叠彩区,,d
450332,恭城瑶族自治县,,g
450327,灌阳县,,g
450381,荔浦市,,l
450312,临桂区,,l
450323,灵川县,,l
450328,龙胜各族自治县,,l
450330,平乐县,,p
450305,七星区,,q
450324,全州县,,q
450304,象山区,,x
450325,兴安县,,x
450302,秀峰区,,x
450311,雁山区,,y
450321,阳朔县,,y
450326,永福县,,y
450329,资源县,,z
451200,河池市,,h
451227,巴马瑶族自治县,,b
451229,大化瑶族自治县,,d
451224,东兰县,,d
451228,都安瑶族自治县,,d
451223,凤山县,,f
451226,环江毛南族自治县,,h
451202,金城江区,,j
451225,罗城仫佬族自治县,,l
451221,南丹县,,n
451222,天峨县,,t
451203,宜州区,,y
451100,贺州市,,h
451102,八步区,,b
451123,富川瑶族自治县,,f
451103,平桂区,,p
451121,昭平县,,z
451122,钟山县,,z
451300,来宾市,,l
451381,合山市,,h
451324,金秀瑶族自治县,,j
451323,武宣县,,w
451322,象州县,,x
451321,忻城县,,x
451302,兴宾区,,x
450200,柳州市,,l
450202,城中区,,c
450205,柳北区,,l
450222,柳城县,,l
450206,柳江区,,l
450204,柳南区,,l
450223,鹿寨县,,l
450224,融安县,,r
450225,融水苗族自治县,,r
450226,三江侗族自治县,,s
450203,鱼峰区,,y
450100,南宁市,,n
450126,宾阳县,,b
450127,横县,,h
450105,江南区,,j
450108,良庆区,,l
450123,隆安县,,l
450124,马山县,,m
450103,青秀区,,q
450125,上林县,,s
450110,武鸣区,,w
450107,西乡塘区,,x
450102,兴宁区,,x
450109,邕宁区,,y
450700,钦州市,,q
450721,灵山县,,l
450722,浦北县,,p
450703,钦北区,,q
450702,钦南区,,q
450400,梧州市,,w
450421,苍梧县,,c
450481,岑溪市,,c
450406,龙圩区,,l
450423,蒙山县,,m
450422,藤县,,t
450403,万秀区,,w
450405,长洲区,,c
450900,玉林市,,y
450981,北流市,,b
450923,博白县,,b
450903,福绵区,,f
450922,陆川县,,l
450921,容县,,r
450924,兴业县,,x
450902,玉州区,,y
520000,贵州省,,g
520400,安顺市,,a
520424,关岭布依族苗族自治县,,g
520403,平坝区,,p
520422,普定县,,p
520402,西秀区,,x
520423,镇宁布依族苗族自治县,,z
520425,紫云苗族布依族自治县,,z
520500,毕节市,,b
520521,大方县,,d
520527,赫章县,,h
520523,金沙县,,j
520525,纳雍县,,n
520502,七星关区,,q
520522,黔西县,,q
520526,威宁彝族回族苗族自治县,,w
520524,织金县,,z
520100,贵阳市,,g
520113,白云区,,b
520115,观山湖区,,g
520111,花溪区,,h
520121,开阳县,,k
520102,南明区,,n
520181,清镇市,,q
520112,乌当区,,w
520122,息烽县,,x
520123,修文县,,x
520103,云岩区,,y
520200,六盘水市,,l
520203,六枝特区,,l
520281,盘州市,,p
520221,水城县,,s
520201,钟山区,,z
522600,黔东南苗族侗族自治州,,q
522626,岑巩县,,c
522633,从江县,,c
522636,丹寨县,,d
522622,黄平县,,h
522629,剑河县,,j
522628,锦屏县,,j
522601,凯里市,,k
522634,雷山县,,l
522631,黎平县,,l
522635,麻江县,,m
522632,榕江县,,r
522624,三穗县,,s
522623,施秉县,,s
522630,台江县,,t
522627,天柱县,,t
522625,镇远县,,z
522700,黔南布依族苗族自治州,,q
522701,都匀市,,d
522726,独山县,,d
522702,福泉市,,f
522723,贵定县,,g
522731,惠水县,,h
522722,荔波县,,l
522730,龙里县,,l
522728,罗甸县,,l
522727,平塘县,,p
522732,三都水族自治县,,s
522725,瓮安县,,w
522729,长顺县,,c
522300,黔西南布依族苗族自治州,,q
522328,安龙县,,a
522327,册亨县,,c
522323,普安县,,p
522324,晴隆县,,q
522326,望谟县,,w
522302,兴仁市,,x
522301,兴义市,,x
522325,贞丰县,,z
520600,铜仁市,,t
520602,碧江区,,b
520626,德江县,,d
520621,江口县,,j
520623,石阡县,,s
520624,思南县,,s
520628,松桃苗族自治县,,s
520603,万山区,,w
520627,沿河土家族自治县,,y
520625,印江土家族苗族自治县,,y
520622,玉屏侗族自治县,,y
520300,遵义市,,z
520304,播州区,,b
520381,赤水市,,c
520325,道真仡佬族苗族自治县,,d
520327,凤冈县,,f
520302,红花岗区,,h
520303,汇川区,,h
520328,湄潭县,,m
520382,仁怀市,,r
520323,绥阳县,,s
520322,桐梓县,,t
520326,务川仡佬族苗族自治县,,w
520330,习水县,,x
520329,余庆县,,y
520324,正安县,,z
460000,海南省,,h
469025,白沙黎族自治县,,b
469029,保亭黎族苗族自治县,,b
469026,昌江黎族自治县,,c
469023,澄迈县,,d
460400,儋州市,,d
469021,定安县,,d
469007,东方市,,d
460100,海口市,,h
460106,龙华区,,l
460108,美兰区,,m
460107,琼山区,,q
460105,秀英区,,x
469027,乐东黎族自治县,,l
469024,临高县,,l
469028,陵水黎族自治县,,l
469002,琼海市,,q
469030,琼中黎族苗族自治县,,q
460300,三沙市,,s
460302,南沙区,,n
460301,西沙区,,x
460200,三亚市,,s
460202,海棠区,,h
460203,吉阳区,,j
460204,天涯区,,t
460205,崖州区,,y
469022,屯昌县,,t
469006,万宁市,,w
469005,文昌市,,w
469001,五指山市,,w
130000,河北省,,h
130600,保定市,,b
130683,安国市,,a
130632,安新县,,a
130637,博野县,,b
130626,定兴县,,d
130682,定州市,,d
130624,阜平县,,f
130684,高碑店市,,g
130628,高阳县,,g
130602,竞秀区,,j
130623,涞水县,,l
130630,涞源县,,l
130635,蠡县,,l
130606,莲池区,,l
130607,满城区,,m
130608,清苑区,,q
130634,曲阳县,,q
130629,容城县,,r
130636,顺平县,,s
130627,唐县,,t
130631,望都县,,w
130638,雄县,,x
130609,徐水区,,x
130633,易县,,y
130681,涿州市,,z
130900,沧州市,,c
130921,沧县,,c
130923,东光县,,d
130924,海兴县,,h
130984,河间市,,h
130983,黄骅市,,h
130930,孟村回族自治县,,m
130927,南皮县,,n
130981,泊头市,,b
130922,青县,,q
130982,任丘市,,r
130926,肃宁县,,s
130928,吴桥县,,w
130929,献县,,x
130902,新华区,,x
130925,盐山县,,y
130903,运河区,,y
130800,承德市,,c
130821,承德县,,c
130826,丰宁满族自治县,,f
130827,宽城满族自治县,,k
130825,隆化县,,l
130824,滦平县,,l
130881,平泉市,,p
130803,双滦区,,s
130802,双桥区,,s
130828,围场满族蒙古族自治县,,w
130822,兴隆县,,x
130804,鹰手营子矿区,,y
130400,邯郸市,,h
130424,成安县,,c
130427,磁县,,c
130403,丛台区,,c
130425,大名县,,d
130407,肥乡区,,f
130406,峰峰矿区,,f
130404,复兴区,,f
130433,馆陶县,,g
130432,广平县,,g
130402,邯山区,,h
130431,鸡泽县,,j
130423,临漳县,,l
130430,邱县,,q
130435,曲周县,,q
130426,涉县,,s
130434,魏县,,w
130481,武安市,,w
130408,永年区,,y
131100,衡水市,,h
131125,安平县,,a
131128,阜城县,,f
131126,故城县,,g
131103,冀州区,,j
131127,景县,,j
131124,饶阳县,,r
131182,深州市,,s
131102,桃城区,,t
131123,武强县,,w
131122,武邑县,,w
131121,枣强县,,z
131000,廊坊市,,l
131002,安次区,,a
131081,霸州市,,b
131028,大厂回族自治县,,d
131025,大城县,,d
131022,固安县,,g
131003,广阳区,,g
131082,三河市,,s
131026,文安县,,w
131024,香河县,,x
131023,永清县,,y
130300,秦皇岛市,,q
130304,北戴河区,,b
130322,昌黎县,,c
130306,抚宁区,,f
130302,海港区,,h
130324,卢龙县,,l
130321,青龙满族自治县,,q
130303,山海关区,,s
130100,石家庄市,,s
130127,高邑县,,g
130109,藁城区,,g
130183,晋州市,,j
130107,井陉矿区,,j
130121,井陉县,,j
130126,灵寿县,,l
130110,鹿泉区,,l
130111,栾城区,,l
130131,平山县,,p
130104,桥西区,,q
130128,深泽县,,s
130130,无极县,,w
130181,辛集市,,x
130105,新华区,,x
130184,新乐市,,x
130125,行唐县,,x
130108,裕华区,,y
130132,元氏县,,y
130129,赞皇县,,z
130102,长安区,,c
130133,赵县,,z
130123,正定县,,z
130200,唐山市,,t
130209,曹妃甸区,,c
130207,丰南区,,f
130208,丰润区,,f
130204,古冶区,,g
130205,开平区,,k
130225,乐亭县,,l
130203,路北区,,l
130202,路南区,,l
130224,滦南县,,l
130284,滦州市,,l
130283,迁安市,,q
130227,迁西县,,q
130229,玉田县,,y
130281,遵化市,,z
130500,邢台市,,x
130524,柏乡县,,b
130531,广宗县,,g
130529,巨鹿县,,j
130522,临城县,,l
130535,临西县,,l
130525,隆尧县,,l
130581,南宫市,,n
130506,南和区,,n
130523,内丘县,,n
130528,宁晋县,,n
130532,平乡县,,p
130534,清河县,,q
130505,任泽区,,r
130582,沙河市,,s
130533,威县,,w
130502,襄都区,,x
130530,新河县,,x
130503,信都区,,x
130700,张家口市,,z
130732,赤城县,,c
130709,崇礼区,,c
130724,沽源县,,g
130728,怀安县,,h
130730,怀来县,,h
130723,康保县,,k
130702,桥东区,,q
130703,桥西区,,q
130725,尚义县,,s
130708,万全区,,w
130726,蔚县,,y
130706,下花园区,,x
130705,宣化区,,x
130727,阳原县,,y
130722,张北县,,z
130731,涿鹿县,,z
410000,河南省,,h
410500,安阳市,,a
410522,安阳县,,a
410503,北关区,,b
410526,滑县,,h
410581,林州市,,l
410506,龙安区,,l
410527,内黄县,,n
410523,汤阴县,,t
410502,文峰区,,w
410505,殷都区,,y
410600,鹤壁市,,h
410602,鹤山区,,h
410621,浚县,,x
410611,淇滨区,,q
410622,淇县,,q
410603,山城区,,s
419001,济源市,,j
410800,焦作市,,j
410822,博爱县,,b
410802,解放区,,j
410804,马村区,,m
410883,孟州市,,m
410882,沁阳市,,q
410811,山阳区,,s
410825,温县,,w
410823,武陟县,,w
410821,修武县,,x
410803,中站区,,z
410200,开封市,,k
410204,鼓楼区,,g
410225,兰考县,,l
410202,龙亭区,,l
410221,杞县,,q
410203,顺河回族区,,s
410222,通许县,,t
410223,尉氏县,,w
410212,祥符区,,x
410205,禹王台区,,y
410300,洛阳市,,l
410304,瀍河回族区,,c
410306,吉利区,,m
410305,涧西区,,j
410302,老城区,,l
410324,栾川县,,l
410311,洛龙区,,l
410328,洛宁县,,l
410322,孟津县,,m
410326,汝阳县,,r
410325,嵩县,,s
410303,西工区,,x
410323,新安县,,x
410381,偃师市,,y
410329,伊川县,,y
410327,宜阳县,,y
411100,漯河市,,l
411122,临颍县,,l
411121,舞阳县,,w
411103,郾城区,,y
411102,源汇区,,y
411104,召陵区,,s
411300,南阳市,,n
411381,邓州市,,d
411322,方城县,,f
411321,南召县,,n
411325,内乡县,,n
411327,社旗县,,s
411328,唐河县,,t
411330,桐柏县,,t
411302,宛城区,,w
411303,卧龙区,,w
411323,西峡县,,x
411326,淅川县,,x
411329,新野县,,x
411324,镇平县,,z
410400,平顶山市,,p
410421,宝丰县,,b
410425,郏县,,j
410423,鲁山县,,l
410482,汝州市,,r
410404,石龙区,,s
410403,卫东区,,w
410481,舞钢市,,w
410402,新华区,,x
410422,叶县,,y
410411,湛河区,,z
410900,濮阳市,,p
410926,范县,,f
410902,华龙区,,h
410923,南乐县,,n
410928,濮阳县,,p
410922,清丰县,,q
410927,台前县,,t
411200,三门峡市,,s
411202,湖滨区,,h
411282,灵宝市,,l
411224,卢氏县,,l
411221,渑池县,,m
411203,陕州区,,s
411281,义马市,,y
411400,商丘市,,s
411402,梁园区,,l
411421,民权县,,m
411423,宁陵县,,n
411422,睢县,,s
411403,睢阳区,,s
411426,夏邑县,,x
411481,永城市,,y
411425,虞城县,,y
411424,柘城县,,z
410700,新乡市,,x
410727,封丘县,,f
410704,凤泉区,,f
410702,红旗区,,h
410782,辉县市,,h
410724,获嘉县,,h
410711,牧野区,,m
410703,卫滨区,,w
410781,卫辉市,,w
410721,新乡县,,x
410726,延津县,,y
410725,原阳县,,y
410783,长垣市,,c
411500,信阳市,,x
411525,固始县,,g
411522,光山县,,g
411527,淮滨县,,h
411526,潢川县,,h
411521,罗山县,,l
411503,平桥区,,p
411524,商城县,,s
411502,浉河区,,s
411528,息县,,x
411523,新县,,x
411000,许昌市,,x
411003,建安区,,j
411002,魏都区,,w
411025,襄城县,,x
411024,鄢陵县,,y
411081,禹州市,,y
411082,长葛市,,c
410100,郑州市,,z
410185,登封市,,d
410103,二七区,,e
410181,巩义市,,g
410104,管城回族区,,g
410108,惠济区,,h
410105,金水区,,j
410106,上街区,,s
410183,新密市,,x
410184,新郑市,,x
410182,荥阳市,,x
410122,中牟县,,z
410102,中原区,,z
411600,周口市,,z
411624,沈丘县,,s
411602,川汇区,,c
411625,郸城县,,d
411621,扶沟县,,f
411603,淮阳区,,h
411628,鹿邑县,,l
411623,商水县,,s
411627,太康县,,t
411622,西华县,,x
411681,项城市,,x
411700,驻马店市,,z
411726,泌阳县,,b
411723,平舆县,,p
411725,确山县,,q
411727,汝南县,,r
411722,上蔡县,,s
411728,遂平县,,s
411721,西平县,,x
411729,新蔡县,,x
411702,驿城区,,y
411724,正阳县,,z
230000,黑龙江省,,h
230600,大庆市,,d
230606,大同区,,d
230624,杜尔伯特蒙古族自治县,,d
230605,红岗区,,h
230623,林甸县,,l
230603,龙凤区,,l
230604,让胡路区,,r
230602,萨尔图区,,s
230622,肇源县,,z
230621,肇州县,,z
232700,大兴安岭地区,,d
232721,呼玛县,,h
232718,加格达奇区,,j
232701,漠河市,,m
232722,塔河县,,t
230100,哈尔滨市,,h
230112,阿城区,,a
230126,巴彦县,,b
230125,宾县,,b
230102,道里区,,d
230104,道外区,,d
230124,方正县,,f
230111,呼兰区,,h
230127,木兰县,,m
230103,南岗区,,n
230108,平房区,,p
230183,尚志市,,s
230113,双城区,,s
230109,松北区,,s
230128,通河县,,t
230184,五常市,,w
230110,香坊区,,x
230129,延寿县,,y
230123,依兰县,,y
230400,鹤岗市,,h
230406,东山区,,d
230403,工农区,,g
230421,萝北县,,l
230404,南山区,,n
230422,绥滨县,,s
230402,向阳区,,x
230405,兴安区,,x
230407,兴山区,,x
231100,黑河市,,h
231102,爱辉区,,a
231181,北安市,,b
231183,嫩江市,,n
231124,孙吴县,,s
231182,五大连池市,,w
231123,逊克县,,x
230300,鸡西市,,j
230306,城子河区,,c
230304,滴道区,,d
230303,恒山区,,h
230381,虎林市,,h
230321,鸡东县,,j
230302,鸡冠区,,j
230305,梨树区,,l
230307,麻山区,,m
230382,密山市,,m
230800,佳木斯市,,j
230805,东风区,,d
230883,抚远市,,f
230882,富锦市,,f
230826,桦川县,,h
230822,桦南县,,h
230811,郊区,,j
230804,前进区,,q
230828,汤原县,,t
230881,同江市,,t
230803,向阳区,,x
231000,牡丹江市,,m
231004,爱民区,,a
231002,东安区,,d
231086,东宁市,,d
231083,海林市,,h
231025,林口县,,l
231085,穆棱市,,m
231084,宁安市,,n
231081,绥芬河市,,s
231005,西安区,,x
231003,阳明区,,y
230900,七台河市,,q
230921,勃利县,,b
230904,茄子河区,,q
230903,桃山区,,t
230902,新兴区,,x
230200,齐齐哈尔市,,q
230205,昂昂溪区,,a
230231,拜泉县,,b
230206,富拉尔基区,,f
230227,富裕县,,f
230225,甘南县,,g
230203,建华区,,j
230230,克东县,,k
230229,克山县,,k
230221,龙江县,,l
230202,龙沙区,,l
230208,梅里斯达斡尔族区,,m
230281,讷河市,,n
230207,碾子山区,,n
230224,泰来县,,t
230204,铁锋区,,t
230223,依安县,,y
230500,双鸭山市,,s
230523,宝清县,,b
230506,宝山区,,b
230521,集贤县,,j
230502,尖山区,,j
230503,岭东区,,l
230524,饶河县,,r
230505,四方台区,,s
230522,友谊县,,y
231200,绥化市,,s
231281,安达市,,a
231202,北林区,,b
231283,海伦市,,h
231222,兰西县,,l
231225,明水县,,m
231223,青冈县,,q
231224,庆安县,,q
231226,绥棱县,,s
231221,望奎县,,w
231282,肇东市,,z
230700,伊春市,,y
230725,大箐山县,,d
230724,丰林县,,f
230722,嘉荫县,,j
230751,金林区,,j
230726,南岔县,,n
230723,汤旺县,,t
230781,铁力市,,t
230718,乌翠区,,w
230717,伊美区,,y
230719,友好区,,y
420000,湖北省,,h
420700,鄂州市,,e
420704,鄂城区,,e
420703,华容区,,h
420702,梁子湖区,,l
422800,恩施土家族苗族自治州,,e
422823,巴东县,,b
422801,恩施市,,e
422828,鹤峰县,,h
422822,建始县,,j
422827,来凤县,,l
422802,利川市,,l
422826,咸丰县,,x
422825,宣恩县,,x
421100,黄冈市,,h
421122,红安县,,h
421127,黄梅县,,h
421102,黄州区,,h
421123,罗田县,,l
421181,麻城市,,m
421126,蕲春县,,q
421121,团风县,,t
421182,武穴市,,w
421125,浠水县,,x
421124,英山县,,y
420200,黄石市,,h
420281,大冶市,,d
420202,黄石港区,,h
420205,铁山区,,t
420203,西塞山区,,x
420204,下陆区,,x
420222,阳新县,,y
420800,荆门市,,j
420802,东宝区,,d
420804,掇刀区,,d
420882,京山市,,j
420822,沙洋县,,s
420881,钟祥市,,z
421000,荆州市,,j
421022,公安县,,g
421083,洪湖市,,h
421023,监利县,,j
421024,江陵县,,j
421003,荆州区,,j
421002,沙市区,,s
421081,石首市,,s
421087,松滋市,,s
429005,潜江市,,q
429021,神农架林区,,s
420300,十堰市,,s
420381,丹江口市,,d
420325,房县,,f
420302,茅箭区,,m
420322,郧西县,,y
420304,郧阳区,,y
420303,张湾区,,z
420323,竹山县,,z
420324,竹溪县,,z
421300,随州市,,s
421303,曾都区,,z
421381,广水市,,g
421321,随县,,s
429006,天门市,,t
420100,武汉市,,w
420114,蔡甸区,,c
420112,东西湖区,,d
420113,汉南区,,h
420105,汉阳区,,h
420111,洪山区,,h
420116,黄陂区,,h
420102,江岸区,,j
420103,江汉区,,j
420115,江夏区,,j
420104,硚口区,,q
420107,青山区,,q
420106,武昌区,,w
420117,新洲区,,x
429004,仙桃市,,x
421200,咸宁市,,x
421281,赤壁市,,c
421223,崇阳县,,c
421221,嘉鱼县,,j
421222,通城县,,t
421224,通山县,,t
421202,咸安区,,x
420600,襄阳市,,x
420626,保康县,,b
420606,樊城区,,f
420625,谷城县,,g
420682,老河口市,,l
420624,南漳县,,n
420602,襄城区,,x
420607,襄州区,,x
420684,宜城市,,y
420683,枣阳市,,z
420900,孝感市,,x
420982,安陆市,,a
420922,大悟县,,d
420984,汉川市,,h
420921,孝昌县,,x
420902,孝南区,,x
420981,应城市,,y
420923,云梦县,,y
420500,宜昌市,,y
420582,当阳市,,d
420504,点军区,,d
420529,五峰土家族自治县,,w
420503,伍家岗区,,w
420502,西陵区,,x
420505,猇亭区,,x
420526,兴山县,,x
420506,夷陵区,,y
420581,宜都市,,y
420525,远安县,,y
420528,长阳土家族自治县,,c
420583,枝江市,,z
420527,秭归县,,z
430000,湖南省,,h
430700,常德市,,c
430721,安乡县,,a
430703,鼎城区,,d
430722,汉寿县,,h
430781,津市市,,j
430723,澧县,,l
430724,临澧县,,l
430726,石门县,,s
430725,桃源县,,t
430702,武陵区,,w
431000,郴州市,,c
431028,安仁县,,a
431002,北湖区,,b
431027,桂东县,,g
431021,桂阳县,,g
431024,嘉禾县,,j
431025,临武县,,l
431026,汝城县,,r
431003,苏仙区,,s
431022,宜章县,,y
431023,永兴县,,y
431081,资兴市,,z
430400,衡阳市,,h
430482,常宁市,,c
430424,衡东县,,h
430422,衡南县,,h
430423,衡山县,,h
430421,衡阳县,,h
430481,耒阳市,,l
430412,南岳区,,n
430426,祁东县,,q
430407,石鼓区,,s
430406,雁峰区,,y
430408,蒸湘区,,z
430405,珠晖区,,z
431200,怀化市,,h
431223,辰溪县,,c
431202,鹤城区,,h
431281,洪江市,,h
431225,会同县,,h
431229,靖州苗族侗族自治县,,j
431226,麻阳苗族自治县,,m
431230,通道侗族自治县,,t
431227,新晃侗族自治县,,x
431224,溆浦县,,x
431222,沅陵县,,y
431228,芷江侗族自治县,,z
431221,中方县,,z
431300,娄底市,,l
431381,冷水江市,,l
431382,涟源市,,l
431302,娄星区,,l
431321,双峰县,,s
431322,新化县,,x
430500,邵阳市,,s
430511,北塔区,,b
430529,城步苗族自治县,,c
430503,大祥区,,d
430525,洞口县,,d
430524,隆回县,,l
430582,邵东市,,s
430523,邵阳县,,s
430502,双清区,,s
430527,绥宁县,,s
430581,武冈市,,w
430528,新宁县,,x
430522,新邵县,,x
430300,湘潭市,,x
430382,韶山市,,s
430321,湘潭县,,x
430381,湘乡市,,x
430302,雨湖区,,y
430304,岳塘区,,y
433100,湘西土家族苗族自治州,,x
433125,保靖县,,b
433123,凤凰县,,f
433126,古丈县,,g
433124,花垣县,,h
433101,吉首市,,j
433130,龙山县,,l
433122,泸溪县,,l
433127,永顺县,,y
430900,益阳市,,y
430923,安化县,,a
430903,赫山区,,h
430921,南县,,n
430922,桃江县,,t
430981,沅江市,,y
430902,资阳区,,z
431100,永州市,,y
431124,道县,,d
431122,东安县,,d
431129,江华瑶族自治县,,j
431125,江永县,,j
431127,蓝山县,,l
431103,冷水滩区,,l
431102,零陵区,,l
431126,宁远县,,n
431121,祁阳县,,q
431123,双牌县,,s
431128,新田县,,x
430600,岳阳市,,y
430623,华容县,,h
430611,君山区,,j
430682,临湘市,,l
430681,汨罗市,,m
430626,平江县,,p
430624,湘阴县,,x
430602,岳阳楼区,,y
430621,岳阳县,,y
430603,云溪区,,y
430800,张家界市,,z
430821,慈利县,,c
430822,桑植县,,s
430811,武陵源区,,w
430802,永定区,,y
430100,长沙市,,c
430102,芙蓉区,,f
430105,开福区,,k
430181,浏阳市,,l
430182,宁乡市,,n
430103,天心区,,t
430112,望城区,,w
430111,雨花区,,y
430104,岳麓区,,y
430121,长沙县,,c
430200,株洲市,,z
430224,茶陵县,,c
430202,荷塘区,,h
430281,醴陵市,,l
430203,芦淞区,,l
430212,渌口区,,l
430204,石峰区,,s
430211,天元区,,t
430225,炎陵县,,y
430223,攸县,,y
220000,吉林省,,j
220800,白城市,,b
220882,大安市,,d
220802,洮北区,,t
220881,洮南市,,t
220822,通榆县,,t
220821,镇赉县,,z
220600,白山市,,b
220621,抚松县,,f
220602,浑江区,,h
220605,江源区,,j
220622,靖宇县,,j
220681,临江市,,l
220623,长白朝鲜族自治县,,c
220200,吉林市,,j
220202,昌邑区,,c
220204,船营区,,c
220211,丰满区,,f
220282,桦甸市,,h
220281,蛟河市,,j
220203,龙潭区,,l
220284,磐石市,,p
220283,舒兰市,,s
220221,永吉县,,y
220400,辽源市,,l
220421,东丰县,,d
220422,东辽县,,d
220402,龙山区,,l
220403,西安区,,x
220300,四平市,,s
220322,梨树县,,l
220382,双辽市,,s
220303,铁东区,,t
220302,铁西区,,t
220323,伊通满族自治县,,y
220700,松原市,,s
220781,扶余市,,f
220723,乾安县,,q
220702,宁江区,,n
220721,前郭尔罗斯蒙古族自治县,,q
220722,长岭县,,c
220500,通化市,,t
220502,东昌区,,d
220503,二道江区,,e
220523,辉南县,,h
220582,集安市,,j
220524,柳河县,,l
220581,梅河口市,,m
220521,通化县,,t
222400,延边朝鲜族自治州,,y
222426,安图县,,a
222403,敦化市,,d
222406,和龙市,,h
222404,珲春市,,h
222405,龙井市,,l
222402,图们市,,t
222424,汪清县,,w
222401,延吉市,,y
220100,长春市,,c
220104,朝阳区,,c
220183,德惠市,,d
220105,二道区,,e
220184,公主岭市,,g
220113,九台区,,j
220103,宽城区,,k
220106,绿园区,,l
220102,南关区,,n
220122,农安县,,n
220112,双阳区,,s
220182,榆树市,,y
320000,江苏省,,j
320400,常州市,,c
320413,金坛区,,j
320481,溧阳市,,l
320402,天宁区,,t
320412,武进区,,w
320411,新北区,,x
320404,钟楼区,,z
320800,淮安市,,h
320813,洪泽区,,h
320803,淮安区,,h
320804,淮阴区,,h
320831,金湖县,,j
320826,涟水县,,l
320812,清江浦区,,q
320830,盱眙县,,x
320700,连云港市,,l
320722,东海县,,d
320707,赣榆区,,g
320724,灌南县,,g
320723,灌云县,,g
320706,海州区,,h
320703,连云区,,l
320100,南京市,,n
320118,高淳区,,g
320106,鼓楼区,,g
320105,建邺区,,j
320115,江宁区,,j
320117,溧水区,,l
320116,六合区,,l
320111,浦口区,,p
320113,栖霞区,,q
320104,秦淮区,,q
320102,玄武区,,x
320114,雨花台区,,y
320600,南通市,,n
320602,崇川区,,c
320611,港闸区,,g
320685,海安市,,h
320684,海门市,,h
320681,启东市,,q
320623,如东县,,r
320682,如皋市,,r
320612,通州区,,t
320500,苏州市,,s
320581,常熟市,,c
320508,姑苏区,,g
320505,虎丘区,,h
320583,昆山市,,k
320571,苏州工业园区,,s
320585,太仓市,,t
320509,吴江区,,w
320506,吴中区,,w
320507,相城区,,x
320582,张家港市,,z
321300,宿迁市,,s
321322,沭阳县,,s
321324,泗洪县,,s
321323,泗阳县,,s
321302,宿城区,,s
321311,宿豫区,,s
321200,泰州市,,t
321203,高港区,,g
321202,海陵区,,h
321204,姜堰区,,j
321282,靖江市,,j
321283,泰兴市,,t
321281,兴化市,,x
320200,无锡市,,w
320211,滨湖区,,b
320206,惠山区,,h
320281,江阴市,,j
320213,梁溪区,,l
320205,锡山区,,x
320214,新吴区,,x
320282,宜兴市,,y
320300,徐州市,,x
320321,丰县,,f
320302,鼓楼区,,g
320305,贾汪区,,j
320322,沛县,,p
320382,邳州市,,p
320311,泉山区,,q
320324,睢宁县,,s
320312,铜山区,,t
320381,新沂市,,x
320303,云龙区,,y
320900,盐城市,,y
320922,滨海县,,b
320904,大丰区,,d
320981,东台市,,d
320923,阜宁县,,f
320925,建湖县,,j
320924,射阳县,,s
320902,亭湖区,,t
320921,响水县,,x
320903,盐都区,,y
321000,扬州市,,y
321023,宝应县,,b
321084,高邮市,,g
321002,广陵区,,g
321003,邗江区,,h
321012,江都区,,j
321081,仪征市,,y
321100,镇江市,,z
321112,丹徒区,,d
321181,丹阳市,,d
321102,京口区,,j
321183,句容市,,j
321111,润州区,,r
321182,扬中市,,y
360000,江西省,,j
361000,抚州市,,f
361024,崇仁县,,c
361003,东乡区,,d
361030,广昌县,,g
361027,金溪县,,j
361025,乐安县,,l
361022,黎川县,,l
361002,临川区,,l
361021,南城县,,n
361023,南丰县,,n
361026,宜黄县,,y
361028,资溪县,,z
360700,赣州市,,g
360726,安远县,,a
360725,崇义县,,c
360723,大余县,,d
360728,定南县,,d
360704,赣县区,,g
360733,会昌县,,h
360783,龙南市,,l
360703,南康区,,n
360730,宁都县,,n
360729,全南县,,q
360781,瑞金市,,r
360724,上犹县,,s
360735,石城县,,s
360722,信丰县,,x
360732,兴国县,,x
360734,寻乌县,,x
360731,于都县,,y
360702,章贡区,,z
360800,吉安市,,j
360829,安福县,,a
360821,吉安县,,j
360822,吉水县,,j
360802,吉州区,,j
360881,井冈山市,,j
360803,青原区,,q
360827,遂川县,,s
360826,泰和县,,t
360828,万安县,,w
360823,峡江县,,x
360824,新干县,,x
360825,永丰县,,y
360830,永新县,,y
360200,景德镇市,,j
360202,昌江区,,c
360222,浮梁县,,f
360281,乐平市,,l
360203,珠山区,,z
360400,九江市,,j
360404,柴桑区,,c
360426,德安县,,d
360428,都昌县,,d
360482,共青城市,,g
360429,湖口县,,h
360402,濂溪区,,l
360483,庐山市,,l
360430,彭泽县,,p
360481,瑞昌市,,r
360423,武宁县,,w
360424,修水县,,x
360403,浔阳区,,x
360425,永修县,,y
360100,南昌市,,n
360123,安义县,,a
360102,东湖区,,d
360113,红谷滩区,,h
360124,进贤县,,j
360121,南昌县,,n
360111,青山湖区,,q
360104,青云谱区,,q
360103,西湖区,,x
360112,新建区,,x
360300,萍乡市,,p
360302,安源区,,a
360321,莲花县,,l
360323,芦溪县,,l
360322,上栗县,,s
360313,湘东区,,x
361100,上饶市,,s
361181,德兴市,,d
361103,广丰区,,g
361104,广信区,,g
361125,横峰县,,h
361128,鄱阳县,,p
361124,铅山县,,y
361129,万年县,,w
361130,婺源县,,w
361102,信州区,,x
361126,弋阳县,,y
361127,余干县,,y
361123,玉山县,,y
360500,新余市,,x
360521,分宜县,,f
360502,渝水区,,y
360900,宜春市,,y
360981,丰城市,,f
360921,奉新县,,f
360983,高安市,,g
360925,靖安县,,j
360923,上高县,,s
360926,铜鼓县,,t
360922,万载县,,w
360924,宜丰县,,y
360902,袁州区,,y
360982,樟树市,,z
360600,鹰潭市,,y
360681,贵溪市,,g
360603,余江区,,y
360602,月湖区,,y
210000,辽宁省,,l
210300,鞍山市,,a
210381,海城市,,h
210304,立山区,,l
210311,千山区,,q
210321,台安县,,t
210302,铁东区,,t
210303,铁西区,,t
210323,岫岩满族自治县,,x
210500,本溪市,,b
210521,本溪满族自治县,,b
210522,桓仁满族自治县,,h
210504,明山区,,m
210505,南芬区,,n
210502,平山区,,p
210503,溪湖区,,x
211300,朝阳市,,c
211381,北票市,,b
211321,朝阳县,,c
211322,建平县,,j
211324,喀喇沁左翼蒙古族自治县,,k
211382,凌源市,,l
211303,龙城区,,l
211302,双塔区,,s
210200,大连市,,d
210211,甘井子区,,g
210213,金州区,,j
210212,旅顺口区,,l
210214,普兰店区,,p
210204,沙河口区,,s
210281,瓦房店市,,w
210203,西岗区,,x
210224,长海县,,c
210202,中山区,,z
210283,庄河市,,z
210600,丹东市,,d
210681,东港市,,d
210682,凤城市,,f
210624,宽甸满族自治县,,k
210602,元宝区,,y
210604,振安区,,z
210603,振兴区,,z
210400,抚顺市,,f
210403,东洲区,,d
210421,抚顺县,,f
210423,清原满族自治县,,q
210411,顺城区,,s
210404,望花区,,w
210422,新宾满族自治县,,x
210402,新抚区,,x
210900,阜新市,,f
210921,阜新蒙古族自治县,,f
210902,海州区,,h
210905,清河门区,,q
210904,太平区,,t
210911,细河区,,x
210903,新邱区,,x
210922,彰武县,,z
211400,葫芦岛市,,h
211422,建昌县,,j
211402,连山区,,l
211403,龙港区,,l
211404,南票区,,n
211421,绥中县,,s
211481,兴城市,,x
210700,锦州市,,j
210782,北镇市,,b
210702,古塔区,,g
210726,黑山县,,h
210781,凌海市,,l
210703,凌河区,,l
210711,太和区,,t
210727,义县,,y
211000,辽阳市,,l
211002,白塔区,,b
211081,灯塔市,,d
211005,弓长岭区,,g
211004,宏伟区,,h
211021,辽阳县,,l
211011,太子河区,,t
211003,文圣区,,w
211100,盘锦市,,p
211104,大洼区,,d
211122,盘山县,,p
211102,双台子区,,s
211103,兴隆台区,,x
210100,沈阳市,,s
210113,沈北新区,,s
210103,沈河区,,s
210104,大东区,,d
210124,法库县,,f
210102,和平区,,h
210105,皇姑区,,h
210112,浑南区,,h
210123,康平县,,k
210115,辽中区,,l
210111,苏家屯区,,s
210106,铁西区,,t
210181,新民市,,x
210114,于洪区,,y
211200,铁岭市,,t
211224,昌图县,,c
211281,调兵山市,,d
211282,开原市,,k
211204,清河区,,q
211221,铁岭县,,t
211223,西丰县,,x
211202,银州区,,y
210800,营口市,,y
210804,鲅鱼圈区,,b
210882,大石桥市,,d
210881,盖州市,,g
210811,老边区,,l
210803,西市区,,x
210802,站前区,,z
150000,内蒙古自治区,,n
152900,阿拉善盟,,a
152922,阿拉善右旗,,a
152921,阿拉善左旗,,a
152923,额济纳旗,,e
150800,巴彦淖尔市,,b
150822,磴口县,,d
150826,杭锦后旗,,h
150802,临河区,,l
150825,乌拉特后旗,,w
150823,乌拉特前旗,,w
150824,乌拉特中旗,,w
150821,五原县,,w
150200,包头市,,b
150206,白云鄂博矿区,,b
150223,达尔罕茂明安联合旗,,d
150202,东河区,,d
150222,固阳县,,g
150207,九原区,,j
150203,昆都仑区,,k
150204,青山区,,q
150205,石拐区,,s
150221,土默特右旗,,t
150400,赤峰市,,c
150421,阿鲁科尔沁旗,,a
150430,敖汉旗,,a
150423,巴林右旗,,b
150422,巴林左旗,,b
150402,红山区,,h
150428,喀喇沁旗,,k
150425,克什克腾旗,,k
150424,林西县,,l
150429,宁城县,,n
150404,松山区,,s
150426,翁牛特旗,,w
150403,元宝山区,,y
150600,鄂尔多斯市,,e
150621,达拉特旗,,d
150602,东胜区,,d
150624,鄂托克旗,,e
150623,鄂托克前旗,,e
150625,杭锦旗,,h
150603,康巴什区,,k
150626,乌审旗,,w
150627,伊金霍洛旗,,y
150622,准格尔旗,,z
150100,呼和浩特市,,h
150123,和林格尔县,,h
150103,回民区,,h
150124,清水河县,,q
150105,赛罕区,,s
150121,土默特左旗,,t
150122,托克托县,,t
150125,武川县,,w
150102,新城区,,x
150104,玉泉区,,y
150700,呼伦贝尔市,,h
150721,阿荣旗,,a
150725,陈巴尔虎旗,,c
150784,额尔古纳市,,e
150723,鄂伦春自治旗,,e
150724,鄂温克族自治旗,,e
150785,根河市,,g
150702,海拉尔区,,h
150781,满洲里市,,m
150722,莫力达瓦达斡尔族自治旗,,m
150727,新巴尔虎右旗,,x
150726,新巴尔虎左旗,,x
150782,牙克石市,,y
150703,扎赉诺尔区,,z
150783,扎兰屯市,,z
150500,通辽市,,t
150581,霍林郭勒市,,h
150523,开鲁县,,k
150502,科尔沁区,,k
150522,科尔沁左翼后旗,,k
150521,科尔沁左翼中旗,,k
150524,库伦旗,,k
150525,奈曼旗,,n
150526,扎鲁特旗,,z
150300,乌海市,,w
150302,海勃湾区,,h
150303,海南区,,h
150304,乌达区,,w
150900,乌兰察布市,,w
150928,察哈尔右翼后旗,,c
150926,察哈尔右翼前旗,,c
150927,察哈尔右翼中旗,,c
150981,丰镇市,,f
150922,化德县,,h
150902,集宁区,,j
150925,凉城县,,l
150923,商都县,,s
150929,四子王旗,,s
150924,兴和县,,x
150921,卓资县,,z
152500,锡林郭勒盟,,x
152522,阿巴嘎旗,,a
152525,东乌珠穆沁旗,,d
152531,多伦县,,d
152501,二连浩特市,,e
152524,苏尼特右旗,,s
152523,苏尼特左旗,,s
152527,太仆寺旗,,t
152526,西乌珠穆沁旗,,x
152502,锡林浩特市,,x
152528,镶黄旗,,x
152530,正蓝旗,,z
152529,正镶白旗,,z
152200,兴安盟,,x
152202,阿尔山市,,a
152221,科尔沁右翼前旗,,k
152222,科尔沁右翼中旗,,k
152224,突泉县,,t
152201,乌兰浩特市,,w
152223,扎赉特旗,,z
640000,宁夏回族自治区,,n
640400,固原市,,g
640424,泾源县,,j
640423,隆德县,,l
640425,彭阳县,,p
640422,西吉县,,x
640402,原州区,,y
640200,石嘴山市,,s
640202,大武口区,,d
640205,惠农区,,h
640221,平罗县,,p
640300,吴忠市,,w
640303,红寺堡区,,h
640302,利通区,,l
640381,青铜峡市,,q
640324,同心县,,t
640323,盐池县,,y
640100,银川市,,y
640122,贺兰县,,h
640106,金凤区,,j
640181,灵武市,,l
640105,西夏区,,x
640104,兴庆区,,x
640121,永宁县,,y
640500,中卫市,,z
640522,海原县,,h
640502,沙坡头区,,s
640521,中宁县,,z
630000,青海省,,q
632600,果洛藏族自治州,,g
632622,班玛县,,b
632624,达日县,,d
632623,甘德县,,g
632625,久治县,,j
632626,玛多县,,m
632621,玛沁县,,m
632200,海北藏族自治州,,h
632224,刚察县,,g
632223,海晏县,,h
632221,门源回族自治县,,m
632222,祁连县,,q
630200,海东市,,h
630223,互助土族自治县,,h
630224,化隆回族自治县,,h
630202,乐都区,,l
630222,民和回族土族自治县,,m
630203,平安区,,p
630225,循化撒拉族自治县,,x
632500,海南藏族自治州,,h
632521,共和县,,g
632523,贵德县,,g
632525,贵南县,,g
632522,同德县,,t
632524,兴海县,,x
632800,海西蒙古族藏族自治州,,h
632802,德令哈市,,d
632822,都兰县,,d
632801,格尔木市,,g
632825,海西蒙古族藏族自治州直辖,,h
632803,茫崖市,,m
632823,天峻县,,t
632821,乌兰县,,w
632300,黄南藏族自治州,,h
632324,河南蒙古族自治县,,h
632322,尖扎县,,j
632301,同仁市,,t
632323,泽库县,,z
630100,西宁市,,x
630105,城北区,,c
630102,城东区,,c
630104,城西区,,c
630103,城中区,,c
630121,大通回族土族自治县,,d
630123,湟源县,,h
630106,湟中区,,h
632700,玉树藏族自治州,,y
632723,称多县,,c
632725,囊谦县,,n
632726,曲麻莱县,,q
632701,玉树市,,y
632722,杂多县,,z
632724,治多县,,z
370000,山东省,,s
371600,滨州市,,b
371602,滨城区,,b
371625,博兴县,,b
371621,惠民县,,h
371623,无棣县,,w
371622,阳信县,,y
371603,沾化区,,z
371681,邹平市,,z
371400,德州市,,d
371402,德城区,,d
371481,乐陵市,,l
371424,临邑县,,l
371403,陵城区,,l
371422,宁津县,,n
371426,平原县,,p
371425,齐河县,,q
371423,庆云县,,q
371428,武城县,,w
371427,夏津县,,x
371482,禹城市,,y
370500,东营市,,d
370502,东营区,,d
370523,广饶县,,g
370503,河口区,,h
370505,垦利区,,k
370522,利津县,,l
371700,菏泽市,,h
371721,曹县,,c
371723,成武县,,c
371722,单县,,s
371703,定陶区,,d
371728,东明县,,d
371724,巨野县,,j
371726,鄄城县,,j
371702,牡丹区,,m
371725,郓城县,,y
370100,济南市,,j
370117,钢城区,,g
370104,槐荫区,,h
370115,济阳区,,j
370116,莱芜区,,l
370112,历城区,,l
370102,历下区,,l
370124,平阴县,,p
370126,商河县,,s
370103,市中区,,s
370105,天桥区,,t
370114,章丘区,,z
370113,长清区,,c
370800,济宁市,,j
370829,嘉祥县,,j
370828,金乡县,,j
370832,梁山县,,l
370881,曲阜市,,q
370811,任城区,,r
370831,泗水县,,s
370826,微山县,,w
370830,汶上县,,w
370812,兖州区,,y
370827,鱼台县,,y
370883,邹城市,,z
371500,聊城市,,l
371503,茌平区,,c
371524,东阿县,,d
371502,东昌府区,,d
371526,高唐县,,g
371525,冠县,,g
371581,临清市,,l
371522,莘县,,s
371521,阳谷县,,y
371300,临沂市,,l
371325,费县,,f
371312,河东区,,h
371327,莒南县,,j
371324,兰陵县,,l
371302,兰山区,,l
371329,临沭县,,l
371311,罗庄区,,l
371328,蒙阴县,,m
371326,平邑县,,p
371322,郯城县,,t
371321,沂南县,,y
371323,沂水县,,y
370200,青岛市,,q
370214,城阳区,,c
370211,黄岛区,,h
370215,即墨区,,j
370281,胶州市,,j
370285,莱西市,,l
370212,崂山区,,l
370213,李沧区,,l
370283,平度市,,p
370203,市北区,,s
370202,市南区,,s
371100,日照市,,r
371102,东港区,,d
371122,莒县,,j
371103,岚山区,,l
371121,五莲县,,w
370900,泰安市,,t
370911,岱岳区,,d
370923,东平县,,d
370983,肥城市,,f
370921,宁阳县,,n
370902,泰山区,,t
370982,新泰市,,x
371000,威海市,,w
371002,环翠区,,h
371082,荣成市,,r
371083,乳山市,,r
371003,文登区,,w
370700,潍坊市,,w
370784,安丘市,,a
370725,昌乐县,,c
370786,昌邑市,,c
370704,坊子区,,f
370785,高密市,,g
370703,寒亭区,,h
370705,奎文区,,k
370724,临朐县,,l
370781,青州市,,q
370783,寿光市,,s
370702,潍城区,,w
370782,诸城市,,z
370600,烟台市,,y
370611,福山区,,f
370687,海阳市,,h
370613,莱山区,,l
370682,莱阳市,,l
370683,莱州市,,l
370681,龙口市,,l
370612,牟平区,,m
370614,蓬莱区,,p
370686,栖霞市,,q
370685,招远市,,z
370602,芝罘区,,z
370400,枣庄市,,z
370406,山亭区,,s
370402,市中区,,s
370405,台儿庄区,,t
370481,滕州市,,t
370403,薛城区,,x
370404,峄城区,,y
370300,淄博市,,z
370304,博山区,,b
370322,高青县,,g
370321,桓台县,,h
370305,临淄区,,l
370323,沂源县,,y
370303,张店区,,z
370306,周村区,,z
370302,淄川区,,z
140000,山西省,,s
140200,大同市,,d
140223,广灵县,,g
140225,浑源县,,h
140224,灵丘县,,l
140213,平城区,,p
140222,天镇县,,t
140212,新荣区,,x
140221,阳高县,,y
140214,云冈区,,y
140215,云州区,,y
140226,左云县,,z
140500,晋城市,,j
140502,城区,,c
140581,高平市,,g
140524,陵川县,,l
140521,沁水县,,q
140522,阳城县,,y
140525,泽州县,,z
140700,晋中市,,j
140723,和顺县,,h
140781,介休市,,j
140729,灵石县,,l
140728,平遥县,,p
140727,祁县,,q
140725,寿阳县,,s
140703,太谷区,,t
140724,昔阳县,,x
140702,榆次区,,y
140721,榆社县,,y
140722,左权县,,z
141000,临汾市,,l
141026,安泽县,,a
141030,大宁县,,d
141034,汾西县,,f
141027,浮山县,,f
141025,古县,,g
141024,洪洞县,,h
141081,侯马市,,h
141082,霍州市,,h
141028,吉县,,j
141033,蒲县,,p
141021,曲沃县,,q
141031,隰县,,x
141029,乡宁县,,x
141023,襄汾县,,x
141002,尧都区,,y
141022,翼城县,,y
141032,永和县,,y
141100,吕梁市,,l
141128,方山县,,f
141182,汾阳市,,f
141122,交城县,,j
141130,交口县,,j
141127,岚县,,l
141102,离石区,,l
141124,临县,,l
141125,柳林县,,l
141126,石楼县,,s
141121,文水县,,w
141181,孝义市,,x
141123,兴县,,x
141129,中阳县,,z
140600,朔州市,,s
140681,怀仁市,,h
140603,平鲁区,,p
140621,山阴县,,s
140602,朔城区,,s
140622,应县,,y
140623,右玉县,,y
140100,太原市,,t
140181,古交市,,g
140108,尖草坪区,,j
140110,晋源区,,j
140123,娄烦县,,l
140121,清徐县,,q
140109,万柏林区,,w
140105,小店区,,x
140107,杏花岭区,,x
140122,阳曲县,,y
140106,迎泽区,,y
140900,忻州市,,x
140931,保德县,,b
140923,代县,,d
140921,定襄县,,d
140924,繁峙县,,f
140930,河曲县,,h
140926,静乐县,,j
140929,岢岚县,,k
140925,宁武县,,n
140932,偏关县,,p
140927,神池县,,s
140922,五台县,,w
140928,五寨县,,w
140902,忻府区,,x
140981,原平市,,y
140300,阳泉市,,y
140302,城区,,c
140311,郊区,,j
140303,矿区,,k
140321,平定县,,p
140322,盂县,,y
140800,运城市,,y
140882,河津市,,h
140824,稷山县,,j
140826,绛县,,j
140821,临猗县,,l
140829,平陆县,,p
140830,芮城县,,r
140822,万荣县,,w
140823,闻喜县,,w
140828,夏县,,x
140825,新绛县,,x
140802,盐湖区,,y
140881,永济市,,y
140827,垣曲县,,y
140400,长治市,,c
140427,壶关县,,h
140426,黎城县,,l
140406,潞城区,,l
140403,潞州区,,l
140425,平顺县,,p
140430,沁县,,q
140431,沁源县,,q
140404,上党区,,s
140405,屯留区,,t
140429,武乡县,,w
140423,襄垣县,,x
140428,长子县,,z
610000,陕西省,,s
610900,安康市,,a
610929,白河县,,b
610902,汉滨区,,h
610921,汉阴县,,h
610925,岚皋县,,l
610923,宁陕县,,n
610926,平利县,,p
610922,石泉县,,s
610928,旬阳县,,x
610927,镇坪县,,z
610924,紫阳县,,z
610300,宝鸡市,,b
610304,陈仓区,,c
610330,凤县,,f
610322,凤翔县,,f
610324,扶风县,,f
610303,金台区,,j
610329,麟游县,,l
610327,陇县,,l
610326,眉县,,m
610323,岐山县,,q
610328,千阳县,,q
610331,太白县,,t
610302,渭滨区,,w
610700,汉中市,,h
610722,城固县,,c
610730,佛坪县,,f
610702,汉台区,,h
610729,留坝县,,l
610727,略阳县,,l
610725,勉县,,m
610703,南郑区,,n
610726,宁强县,,n
610724,西乡县,,x
610723,洋县,,y
610728,镇巴县,,z
611000,商洛市,,s
611022,丹凤县,,d
611021,洛南县,,l
611024,山阳县,,s
611023,商南县,,s
611002,商州区,,s
611026,柞水县,,z
611025,镇安县,,z
610200,铜川市,,t
610202,王益区,,w
610204,耀州区,,y
610222,宜君县,,y
610203,印台区,,y
610500,渭南市,,w
610527,白水县,,b
610525,澄城县,,c
610523,大荔县,,d
610528,富平县,,f
610581,韩城市,,h
610524,合阳县,,h
610582,华阴市,,h
610503,华州区,,h
610502,临渭区,,l
610526,蒲城县,,p
610522,潼关县,,t
610100,西安市,,x
610111,灞桥区,,b
610103,碑林区,,b
610117,高陵区,,g
610118,鄠邑区,,h
610122,蓝田县,,l
610104,莲湖区,,l
610115,临潼区,,l
610112,未央区,,w
610102,新城区,,x
610114,阎良区,,y
610113,雁塔区,,y
610116,长安区,,c
610124,周至县,,z
610400,咸阳市,,x
610482,彬州市,,b
610430,淳化县,,c
610424,乾县,,q
610423,泾阳县,,j
610425,礼泉县,,l
610402,秦都区,,q
610422,三原县,,s
610404,渭城区,,w
610431,武功县,,w
610481,兴平市,,x
610429,旬邑县,,x
610403,杨陵区,,y
610426,永寿县,,y
610428,长武县,,c
610600,延安市,,y
610603,安塞区,,a
610602,宝塔区,,b
610628,富县,,f
610627,甘泉县,,g
610632,黄陵县,,h
610631,黄龙县,,h
610629,洛川县,,l
610626,吴起县,,w
610622,延川县,,y
610621,延长县,,y
610630,宜川县,,y
610625,志丹县,,z
610681,子长市,,z
610800,榆林市,,y
610825,定边县,,d
610822,府谷县,,f
610803,横山区,,h
610828,佳县,,j
610824,靖边县,,j
610827,米脂县,,m
610830,清涧县,,q
610881,神木市,,s
610826,绥德县,,s
610829,吴堡县,,w
610802,榆阳区,,y
610831,子洲县,,z
310000,上海,,s
310100,上海市,,s
310113,宝山区,,b
310151,崇明区,,c
310120,奉贤区,,f
310109,虹口区,,h
310101,黄浦区,,h
310114,嘉定区,,j
310116,金山区,,j
310106,静安区,,j
310112,闵行区,,m
310115,浦东新区,,p
310107,普陀区,,p
310118,青浦区,,q
310117,松江区,,s
310104,徐汇区,,x
310110,杨浦区,,y
310105,长宁区,,c
510000,四川省,,s
513200,阿坝藏族羌族自治州,,a
513231,阿坝县,,a
513228,黑水县,,h
513233,红原县,,h
513226,金川县,,j
513225,九寨沟县,,j
513222,理县,,l
513201,马尔康市,,m
513223,茂县,,m
513230,壤塘县,,r
513232,若尔盖县,,r
513224,松潘县,,s
513221,汶川县,,w
513227,小金县,,x
511900,巴中市,,b
511902,巴州区,,b
511903,恩阳区,,e
511922,南江县,,n
511923,平昌县,,p
511921,通江县,,t
510100,成都市,,c
510108,成华区,,c
510184,崇州市,,c
510129,大邑县,,d
510181,都江堰市,,d
510185,简阳市,,j
510106,金牛区,,j
510121,金堂县,,j
510104,锦江区,,j
510112,龙泉驿区,,l
510182,彭州市,,p
510117,郫都区,,p
510131,蒲江县,,p
510113,青白江区,,q
510105,青羊区,,q
510183,邛崃市,,q
510116,双流区,,s
510115,温江区,,w
510107,武侯区,,w
510114,新都区,,x
510118,新津区,,x
511700,达州市,,d
511703,达川区,,d
511724,大竹县,,d
511723,开江县,,k
511725,渠县,,q
511702,通川区,,t
511781,万源市,,w
511722,宣汉县,,x
510600,德阳市,,d
510681,广汉市,,g
510603,旌阳区,,j
510604,罗江区,,l
510683,绵竹市,,m
510682,什邡市,,s
510623,中江县,,z
513300,甘孜藏族自治州,,g
513335,巴塘县,,b
513331,白玉县,,b
513323,丹巴县,,d
513326,道孚县,,d
513337,稻城县,,d
513338,得荣县,,d
513330,德格县,,d
513328,甘孜县,,g
513324,九龙县,,j
513301,康定市,,k
513334,理塘县,,l
513322,泸定县,,l
513327,炉霍县,,l
513333,色达县,,s
513332,石渠县,,s
513336,乡城县,,x
513329,新龙县,,x
513325,雅江县,,y
511600,广安市,,g
511602,广安区,,g
511681,华蓥市,,h
511623,邻水县,,l
511603,前锋区,,q
511622,武胜县,,w
511621,岳池县,,y
510800,广元市,,g
510824,苍溪县,,c
510812,朝天区,,c
510823,剑阁县,,j
510802,利州区,,l
510822,青川县,,q
510821,旺苍县,,w
510811,昭化区,,z
511100,乐山市,,l
511132,峨边彝族自治县,,e
511181,峨眉山市,,e
511126,夹江县,,j
511123,犍为县,,q
511113,金口河区,,j
511124,井研县,,j
511133,马边彝族自治县,,m
511129,沐川县,,m
511111,沙湾区,,s
511102,市中区,,s
511112,五通桥区,,w
513400,凉山彝族自治州,,l
513429,布拖县,,b
513424,德昌县,,d
513435,甘洛县,,g
513426,会东县,,h
513425,会理县,,h
513430,金阳县,,j
513437,雷波县,,l
513436,美姑县,,m
513433,冕宁县,,m
513422,木里藏族自治县,,m
513427,宁南县,,n
513428,普格县,,p
513401,西昌市,,x
513432,喜德县,,x
513423,盐源县,,y
513434,越西县,,y
513431,昭觉县,,z
510500,泸州市,,l
510525,古蔺县,,g
510522,合江县,,h
510502,江阳区,,j
510504,龙马潭区,,l
510521,泸县,,l
510503,纳溪区,,n
510524,叙永县,,x
511400,眉山市,,m
511424,丹棱县,,d
511402,东坡区,,d
511423,洪雅县,,h
511403,彭山区,,p
511425,青神县,,q
511421,仁寿县,,r
510700,绵阳市,,m
510705,安州区,,a
510726,北川羌族自治县,,b
510703,涪城区,,f
510781,江油市,,j
510727,平武县,,p
510722,三台县,,s
510723,盐亭县,,y
510704,游仙区,,y
510725,梓潼县,,z
511300,南充市,,n
511303,高坪区,,g
511304,嘉陵区,,j
511381,阆中市,,l
511321,南部县,,n
511323,蓬安县,,p
511302,顺庆区,,s
511325,西充县,,x
511324,仪陇县,,y
511322,营山县,,y
511000,内江市,,n
511011,东兴区,,d
511083,隆昌市,,l
511002,市中区,,s
511024,威远县,,w
511025,资中县,,z
510400,攀枝花市,,p
510402,东区,,d
510421,米易县,,m
510411,仁和区,,r
510403,西区,,x
510422,盐边县,,y
510900,遂宁市,,s
510904,安居区,,a
510903,船山区,,c
510923,大英县,,d
510921,蓬溪县,,p
510981,射洪市,,s
511800,雅安市,,y
511827,宝兴县,,b
511823,汉源县,,h
511826,芦山县,,l
511803,名山区,,m
511824,石棉县,,s
511825,天全县,,t
511822,荥经县,,y
511802,雨城区,,y
511500,宜宾市,,y
511502,翠屏区,,c
511525,高县,,g
511526,珙县,,g
511523,江安县,,j
511503,南溪区,,n
511529,屏山县,,p
511528,兴文县,,x
511504,叙州区,,x
511527,筠连县,,j
511524,长宁县,,c
512000,资阳市,,z
512021,安岳县,,a
512022,乐至县,,l
512002,雁江区,,y
510300,自贡市,,z
510304,大安区,,d
510322,富顺县,,f
510303,贡井区,,g
510321,荣县,,r
510311,沿滩区,,y
510302,自流井区,,z
120000,天津,,t
120100,天津市,,t
120115,宝坻区,,b
120113,北辰区,,b
120116,滨海新区,,b
120110,东丽区,,d
120101,和平区,,h
120105,河北区,,h
120102,河东区,,h
120103,河西区,,h
120106,红桥区,,h
120119,蓟州区,,j
120112,津南区,,j
120118,静海区,,j
120104,南开区,,n
120117,宁河区,,n
120114,武清区,,w
120111,西青区,,x
540000,西藏自治区,,x
542500,阿里地区,,a
542527,措勤县,,c
542523,噶尔县,,g
542526,改则县,,g
542525,革吉县,,g
542521,普兰县,,p
542524,日土县,,r
542522,札达县,,z
540300,昌都市,,c
540326,八宿县,,b
540330,边坝县,,b
540325,察雅县,,c
540324,丁青县,,d
540322,贡觉县,,g
540321,江达县,,j
540302,卡若区,,k
540323,类乌齐县,,l
540329,洛隆县,,l
540328,芒康县,,m
540327,左贡县,,z
540100,拉萨市,,l
540102,城关区,,c
540104,达孜区,,d
540122,当雄县,,d
540103,堆龙德庆区,,d
540121,林周县,,l
540127,墨竹工卡县,,m
540123,尼木县,,n
540124,曲水县,,q
540400,林芝市,,l
540402,巴宜区,,b
540424,波密县,,b
540425,察隅县,,c
540421,工布江达县,,g
540426,朗县,,l
540422,米林县,,m
540423,墨脱县,,m
540600,那曲市,,n
540624,安多县,,a
540628,巴青县,,b
540627,班戈县,,b
540622,比如县,,b
540621,嘉黎县,,j
540629,尼玛县,,n
540623,聂荣县,,n
540602,色尼区,,s
540625,申扎县,,s
540630,双湖县,,s
540626,索县,,s
540200,日喀则市,,r
540226,昂仁县,,a
540228,白朗县,,b
540231,定结县,,d
540223,定日县,,d
540237,岗巴县,,g
540234,吉隆县,,j
540222,江孜县,,j
540230,康马县,,k
540225,拉孜县,,l
540221,南木林县,,n
540235,聂拉木县,,n
540229,仁布县,,r
540236,萨嘎县,,s
540224,萨迦县,,s
540202,桑珠孜区,,s
540227,谢通门县,,x
540233,亚东县,,y
540232,仲巴县,,z
540500,山南市,,s
540526,措美县,,c
540530,错那县,,c
540522,贡嘎县,,g
540528,加查县,,j
540531,浪卡子县,,l
540529,隆子县,,l
540527,洛扎县,,l
540502,乃东区,,n
540524,琼结县,,q
540525,曲松县,,q
540523,桑日县,,s
540521,扎囊县,,z
650000,新疆维吾尔自治区,,x
652900,阿克苏地区,,a
652901,阿克苏市,,a
652928,阿瓦提县,,a
652926,拜城县,,b
652929,柯坪县,,k
652902,库车市,,k
652924,沙雅县,,s
652922,温宿县,,w
652927,乌什县,,w
652925,新和县,,x
659002,阿拉尔市,,a
654300,阿勒泰地区,,a
654301,阿勒泰市,,a
654321,布尔津县,,b
654323,福海县,,f
654322,富蕴县,,f
654324,哈巴河县,,h
654326,吉木乃县,,j
654325,青河县,,q
652800,巴音郭楞蒙古自治州,,b
652829,博湖县,,b
652827,和静县,,h
652828,和硕县,,h
652801,库尔勒市,,k
652822,轮台县,,l
652825,且末县,,q
652824,若羌县,,r
652823,尉犁县,,y
652826,焉耆回族自治县,,y
659005,北屯市,,b
652700,博尔塔拉蒙古自治州,,b
652702,阿拉山口市,,a
652701,博乐市,,b
652722,精河县,,j
652723,温泉县,,w
652300,昌吉回族自治州,,c
652301,昌吉市,,c
652302,阜康市,,f
652323,呼图壁县,,h
652327,吉木萨尔县,,j
652324,玛纳斯县,,m
652328,木垒哈萨克自治县,,m
652325,奇台县,,q
650500,哈密市,,h
650521,巴里坤哈萨克自治县,,b
650522,伊吾县,,y
650502,伊州区,,y
653200,和田地区,,h
653225,策勒县,,c
653201,和田市,,h
653221,和田县,,h
653224,洛浦县,,l
653227,民丰县,,m
653222,墨玉县,,m
653223,皮山县,,p
653226,于田县,,y
659010,胡杨河市,,h
653100,喀什地区,,k
653130,巴楚县,,b
653129,伽师县,,j
653101,喀什市,,k
653127,麦盖提县,,m
653125,莎车县,,s
653121,疏附县,,s
653122,疏勒县,,s
653131,塔什库尔干塔吉克自治县,,t
653126,叶城县,,y
653123,英吉沙县,,y
653128,岳普湖县,,y
653124,泽普县,,z
659008,可克达拉市,,k
650200,克拉玛依市,,k
650204,白碱滩区,,b
650202,独山子区,,d
650203,克拉玛依区,,k
650205,乌尔禾区,,w
653000,克孜勒苏柯尔克孜自治州,,k
653023,阿合奇县,,a
653022,阿克陶县,,a
653001,阿图什市,,a
653024,乌恰县,,w
659009,昆玉市,,k
659001,石河子市,,s
659007,双河市,,s
654200,塔城地区,,t
654221,额敏县,,e
654226,和布克赛尔蒙古自治县,,h
654223,沙湾县,,s
654201,塔城市,,t
654224,托里县,,t
654202,乌苏市,,w
654225,裕民县,,y
659006,铁门关市,,t
659003,图木舒克市,,t
650400,吐鲁番市,,t
650402,高昌区,,g
650421,鄯善县,,s
650422,托克逊县,,t
650100,乌鲁木齐市,,w
650107,达坂城区,,d
650109,米东区,,m
650103,沙依巴克区,,s
650105,水磨沟区,,s
650102,天山区,,t
650106,头屯河区,,t
650121,乌鲁木齐县,,w
650104,新市区,,x
659004,五家渠市,,w
654000,伊犁哈萨克自治州,,y
654022,察布查尔锡伯自治县,,c
654024,巩留县,,g
654023,霍城县,,h
654004,霍尔果斯市,,h
654003,奎屯市,,k
654028,尼勒克县,,n
654027,特克斯县,,t
654025,新源县,,x
654002,伊宁市,,y
654021,伊宁县,,y
654026,昭苏县,,z
530000,云南省,,y
530500,保山市,,b
530524,昌宁县,,c
530523,龙陵县,,l
530502,隆阳区,,l
530521,施甸县,,s
530581,腾冲市,,t
532300,楚雄彝族自治州,,c
532301,楚雄市,,c
532326,大姚县,,d
532331,禄丰县,,l
532323,牟定县,,m
532324,南华县,,n
532322,双柏县,,s
532329,武定县,,w
532325,姚安县,,y
532327,永仁县,,y
532328,元谋县,,y
532900,大理白族自治州,,d
532924,宾川县,,b
532901,大理市,,d
532930,洱源县,,e
532932,鹤庆县,,h
532931,剑川县,,j
532925,弥渡县,,m
532926,南涧彝族自治县,,n
532927,巍山彝族回族自治县,,w
532923,祥云县,,x
532922,漾濞彝族自治县,,y
532928,永平县,,y
532929,云龙县,,y
533100,德宏傣族景颇族自治州,,d
533122,梁河县,,l
533124,陇川县,,l
533103,芒市,,m
533102,瑞丽市,,r
533123,盈江县,,y
533400,迪庆藏族自治州,,d
533422,德钦县,,d
533423,维西傈僳族自治县,,w
533401,香格里拉市,,x
532500,红河哈尼族彝族自治州,,h
532501,个旧市,,g
532532,河口瑶族自治县,,h
532529,红河县,,h
532524,建水县,,j
532530,金平苗族瑶族傣族自治县,,j
532502,开远市,,k
532527,泸西县,,l
532531,绿春县,,l
532503,蒙自市,,m
532504,弥勒市,,m
532523,屏边苗族自治县,,p
532525,石屏县,,s
532528,元阳县,,y
530100,昆明市,,k
530181,安宁市,,a
530114,呈贡区,,c
530113,东川区,,d
530124,富民县,,f
530111,官渡区,,g
530115,晋宁区,,j
530128,禄劝彝族苗族自治县,,l
530103,盘龙区,,p
530126,石林彝族自治县,,s
530127,嵩明县,,s
530102,五华区,,w
530112,西山区,,x
530129,寻甸回族彝族自治县,,x
530125,宜良县,,y
530700,丽江市,,l
530702,古城区,,g
530723,华坪县,,h
530724,宁蒗彝族自治县,,n
530722,永胜县,,y
530721,玉龙纳西族自治县,,y
530900,临沧市,,l
530927,沧源佤族自治县,,c
530921,凤庆县,,f
530926,耿马傣族佤族自治县,,g
530902,临翔区,,l
530925,双江拉祜族佤族布朗族傣族自治县,,s
530923,永德县,,y
530922,云县,,y
530924,镇康县,,z
533300,怒江傈僳族自治州,,n
533323,福贡县,,f
533324,贡山独龙族怒族自治县,,g
533325,兰坪白族普米族自治县,,l
533301,泸水市,,l
530800,普洱市,,p
530826,江城哈尼族彝族自治县,,j
530823,景东彝族自治县,,j
530824,景谷傣族彝族自治县,,j
530828,澜沧拉祜族自治县,,l
530827,孟连傣族拉祜族佤族自治县,,m
530822,墨江哈尼族自治县,,m
530821,宁洱哈尼族彝族自治县,,n
530802,思茅区,,s
530829,西盟佤族自治县,,x
530825,镇沅彝族哈尼族拉祜族自治县,,z
530300,曲靖市,,q
530325,富源县,,f
530326,会泽县,,h
530322,陆良县,,l
530324,罗平县,,l
530304,马龙区,,m
530302,麒麟区,,q
530323,师宗县,,s
530381,宣威市,,x
530303,沾益区,,z
532600,文山壮族苗族自治州,,w
532628,富宁县,,f
532627,广南县,,g
532624,麻栗坡县,,m
532625,马关县,,m
532626,丘北县,,q
532601,文山市,,w
532623,西畴县,,x
532622,砚山县,,y
532800,西双版纳傣族自治州,,x
532801,景洪市,,j
532822,勐海县,,m
532823,勐腊县,,m
530400,玉溪市,,y
530481,澄江市,,c
530426,峨山彝族自治县,,e
530402,红塔区,,h
530424,华宁县,,h
530403,江川区,,j
530423,通海县,,t
530427,新平彝族傣族自治县,,x
530425,易门县,,y
530428,元江哈尼族彝族傣族自治县,,y
530600,昭通市,,z
530624,大关县,,d
530621,鲁甸县,,l
530622,巧家县,,q
530681,水富市,,s
530626,绥江县,,s
530629,威信县,,w
530623,盐津县,,y
530628,彝良县,,y
530625,永善县,,y
530602,昭阳区,,z
530627,镇雄县,,z
330000,浙江省,,z
330100,杭州市,,h
330108,滨江区,,b
330127,淳安县,,c
330111,富阳区,,f
330105,拱墅区,,g
330182,建德市,,j
330104,江干区,,j
330112,临安区,,l
330102,上城区,,s
330122,桐庐县,,t
330106,西湖区,,x
330103,下城区,,x
330109,萧山区,,x
330110,余杭区,,y
330500,湖州市,,h
330523,安吉县,,a
330521,德清县,,d
330503,南浔区,,n
330502,吴兴区,,w
330522,长兴县,,c
330400,嘉兴市,,j
330481,海宁市,,h
330424,海盐县,,h
330421,嘉善县,,j
330402,南湖区,,n
330482,平湖市,,p
330483,桐乡市,,t
330411,秀洲区,,x
330700,金华市,,j
330783,东阳市,,d
330703,金东区,,j
330781,兰溪市,,l
330727,磐安县,,p
330726,浦江县,,p
330723,武义县,,w
330702,婺城区,,w
330782,义乌市,,y
330784,永康市,,y
331100,丽水市,,l
331122,缙云县,,j
331127,景宁畲族自治县,,j
331102,莲都区,,l
331181,龙泉市,,l
331121,青田县,,q
331126,庆元县,,q
331124,松阳县,,s
331123,遂昌县,,s
331125,云和县,,y
330200,宁波市,,n
330206,北仑区,,b
330282,慈溪市,,c
330213,奉化区,,f
330203,海曙区,,h
330205,江北区,,j
330226,宁海县,,n
330225,象山县,,x
330212,鄞州区,,y
330281,余姚市,,y
330211,镇海区,,z
330800,衢州市,,q
330822,常山县,,c
330881,江山市,,j
330824,开化县,,k
330802,柯城区,,k
330825,龙游县,,l
330803,衢江区,,q
330600,绍兴市,,s
330603,柯桥区,,k
330604,上虞区,,s
330683,嵊州市,,s
330624,新昌县,,x
330602,越城区,,y
330681,诸暨市,,z
331000,台州市,,t
331003,黄岩区,,h
331002,椒江区,,j
331082,临海市,,l
331004,路桥区,,l
331022,三门县,,s
331023,天台县,,t
331081,温岭市,,w
331024,仙居县,,x
331083,玉环市,,y
330300,温州市,,w
330327,苍南县,,c
330305,洞头区,,d
330382,乐清市,,y
330383,龙港市,,l
330303,龙湾区,,l
330302,鹿城区,,l
330304,瓯海区,,o
330326,平阳县,,p
330381,瑞安市,,r
330329,泰顺县,,t
330328,文成县,,w
330324,永嘉县,,y
330900,舟山市,,z
330921,岱山县,,d
330902,定海区,,d
330903,普陀区,,p
330922,嵊泗县,,s
820000,中国澳门,,z
710000,中国台湾,,z
810000,中国香港,,z